slug,common name,botanical name
buddleia-buzz-ivory,"Buddleia 'Buzz Ivory'","Buddleja davidii"
jerusalem-sage-lemon-blush,"Jerusalem Sage 'Lemon Blush'","Phlomis fruticosa"
bush-germander,"Bush Germander","Teucrium fruticans"
common-wormwood,"Common Wormwood","Artemisia absinthium"
russian-sage-silvery-blue,"Russian Sage 'Silvery Blue'","Perovskia"
feather-reed-grass-karl-foerster,"Feather Reed Grass 'Karl Foerster'","Calamagrostis × acutiflora"
tufted-hair-grass,"Tufted Hair Grass","Deschampsia cespitosa"
red-buttons,"Red Buttons","Pennisetum thunbergii"
mexican-feather-grass,"Mexican Feather Grass","Stipa tenuissima"
common-tussock-grass,"Common Tussock-Grass","Poa labillardierei"
longhair-plume-grass,"Longhair Plume Grass","Dichelachne crinata"
tall-verbena,"Tall Verbena","Verbena bonariensis"
bronze-fennel,"Bronze Fennel","Foeniculum vulgare 'Purpureum'"
blue-sea-holly,"Blue Sea Holly","Eryngium planum"
lesser-knotweed,"Lesser Knotweed","Persicaria amplexicaulis"
salvia-waverly,"Salvia 'Waverly'","Salvia"
salvia-mystic-spires,"Salvia 'Mystic Spires'","Salvia"
salvia-african-skies,"Salvia 'African Skies'","Salvia"
salvia-ostfriesland,"Salvia 'Ostfriesland'","Salvia nemorosa"
gaura,"Gaura","Oenothera lindheimeri"
scabiosa-black-knight,"Scabiosa 'Black Knight'","Scabiosa atropurpurea"
yarrow-credo,"Yarrow 'Credo'","Achillea millefolium"
society-garlic,"Society Garlic","Tulbaghia violacea"
lamb-s-ear,"Lamb's Ear","Stachys byzantina"
sedum-autumn-joy,"Sedum 'Autumn Joy'","Hylotelephium"
sedum-matrona,"Sedum 'Matrona'","Hylotelephium"
chocolate-lily,"Chocolate Lily","Arthropodium strictum"
magenta-stork-s-bill,"Magenta Stork's-bill","Pelargonium rodneyanum"
seaside-daisy,"Seaside Daisy","Erigeron karvinskianus"
alpine-pratia,"Alpine Pratia","Pratia puberula"
native-violet,"Native Violet","Viola hederacea"
carpet-bugle,"Carpet Bugle","Ajuga reptans"